鈴木,スズキ,suzuki
佐藤,サトウ,sato
田中,タナカ,tanaka
小林,コバヤシ,kobayashi
高橋,タカハシ,takahashi
渡辺,ワタナベ,watanabe
加藤,カトウ,kato
斉藤,サイトウ,saito
伊藤,イトウ,ito
中村,ナカムラ,nakamura
山本,ヤマモト,yamamoto
山田,ヤマダ,yamada
山口,ヤマグチ,yamaguchi
佐々木,ササキ,sasaki
高橋,タカハシ,takahashi
石井,イシイ,ishii
井上,イノウエ,inoue
吉田,ヨシダ,yoshida
木村,キムラ,kimura
松本,マツモト,matsumoto
清水,シミズ,shimizu
金子,カネコ,kaneko
石川,イシカワ,ishikawa
阿部,アベ,abe
青木,アオキ,aoki
池田,イケダ,ikeda
遠藤,エンドウ,endo
森,モリ,mori
林,ハヤシ,hayashi
長谷川,ハセガワ,hasegawa
小川,オガワ,ogawa
山崎,ヤマザキ,yamazaki
橋本,ハシモト,hashimoto
後藤,ゴトウ,goto
内田,ウチダ,uchida
中島,ナカジマ,nakajima
近藤,コンドウ,kondo
小野,オノ,ono
和田,ワダ,wada
山下,ヤマシタ,yamashita
原,ハラ,hara
藤田,フジタ,fujita
杉山,スギヤマ,sugiyama
三浦,ミウラ,miura
小島,コジマ,kojima
太田,オオタ,ota
岡田,オカダ,okada
中山,ナカヤマ,nakayama
前田,マエダ,maeda
村上,ムラカミ,murakami
安藤,アンドウ,ando
原田,ハラダ,harada
横山,ヨコヤマ,yokoyama
石田,イシダ,ishida
坂本,サカモト,sakamoto
田村,タムラ,tamura
福田,フクダ,fukuda
市川,イチカワ,ichikawa
飯田,イイダ,iida
竹内,タケウチ,takeuchi
工藤,クドウ,kudo
小山,コヤマ,koyama
岡本,オカモト,okamoto
大塚,オオツカ,otsuka
中野,ナカノ,nakano
今井,イマイ,imai
千葉,チバ,chiba
小泉,コイズミ,koizumi
松田,マツダ,matsuda
新井,アライ,arai
佐野,サノ,sano
菊地,キクチ,kikuchi
藤井,フジイ,fujii
岩崎,イワサキ,iwasaki
中川,ナカガワ,nakagawa
柴田,シバタ,shibata
西村,ニシムラ,nishimura
丸山,マルヤマ,maruyama
荒井,アライ,arai
村田,ムラタ,murata
森田,モリタ,morita
酒井,サカイ,sakai
関,セキ,seki
土屋,ツチヤ,tsuchiya
秋山,アキヤマ,akiyama
大野,オオノ,ono
菊池,キクチ,kikuchi
平野,ヒラノ,hirano
増田,マスダ,masuda
五十嵐,イガラシ,igarashi
野口,ノグチ,noguchi
北村,キタムラ,kitamura
武田,タケダ,takeda
宮崎,ミヤザキ,miyazaki
吉田,ヨシダ,yoshida
菅原,スガワラ,sugawara
小松,コマツ,komatsu
桜井,サクライ,sakurai
内藤,ナイトウ,naito
久保田,クボタ,kubota
藤原,フジワラ,fujiwara
星野,ホシノ,hoshino
川口,カワグチ,kawaguchi
杉本,スギモト,sugimoto
上野,ウエノ,ueno
望月,モチヅキ,mochizuki
田辺,タナベ,tanabe
栗原,クリハラ,kurihara
渋谷,シブヤ,shibuya
小池,コイケ,koike
松井,マツイ,matsui
安田,ヤスダ,yasuda
宮本,ミヤモト,miyamoto
野村,ノムラ,nomura
大久保,オオクボ,okubo
斎藤,サイトウ,saito
萩原,ハギワラ,hagiwara
関口,セキグチ,sekiguchi
伊東,イトウ,ito
須藤,スドウ,sudo
島田,シマダ,shimada
飯島,イイジマ,iijima
上田,ウエダ,ueda
永井,ナガイ,nagai
岩田,イワタ,iwata
福島,フクシマ,fukushima
本間,ホンマ,honma
久保,クボ,kubo
木下,キノシタ,kinoshita
小沢,オザワ,ozawa
本田,ホンダ,honda
田口,タグチ,taguchi
古川,フルカワ,furukawa
榎本,エノモト,enomoto
大谷,オオタニ,otani
石渡,イシワタ,ishiwata
西山,ニシヤマ,nishiyama
樋口,ヒグチ,higuchi
石原,イシハラ,ishihara
早川,ハヤカワ,hayakawa
熊谷,クマガイ,kumagai
服部,ハツトリ,hatsutori
平井,ヒライ,hirai
成田,ナリタ,narita
馬場,ババ,baba
松尾,マツオ,matsuo
齋藤,サイトウ,saito
渡部,ワタナベ,watanabe
岩本,イワモト,iwamoto
川島,カワシマ,kawashima
平田,ヒラタ,hirata
白井,シライ,shirai
高木,タカギ,takagi
小澤,オザワ,ozawa
内山,ウチヤマ,uchiyama
水野,ミズノ,mizuno
藤本,フジモト,fujimoto
八木,ヤギ,yagi
根本,ネモト,nemoto
川村,カワムラ,kawamura
大橋,オオハシ,ohashi
佐久間,サクマ,sakuma
山内,ヤマウチ,yamauchi
高野,タカノ,takano
天野,アマノ,amano
志村,シムラ,shimura
川崎,カワサキ,kawasaki
関根,セキネ,sekine
河野,コウノ,kono
武藤,ムトウ,muto
谷口,タニグチ,taniguchi
落合,オチアイ,ochiai
浅野,アサノ,asano
松下,マツシタ,matsushita
宮田,ミヤタ,miyata
川上,カワカミ,kawakami
上原,ウエハラ,uehara
横田,ヨコタ,yokota
大森,オオモリ,omori
瀬戸,セト,seto
石塚,イシヅカ,ishizuka
山中,ヤマナカ,yamanaka
若林,ワカバヤシ,wakabayashi
大島,オオシマ,oshima
荒木,アラキ,araki
広瀬,ヒロセ,hirose
菅野,カンノ,kanno
矢野,ヤノ,yano
大川,オオカワ,okawa
吉川,ヨシカワ,yoshikawa
飯塚,イイヅカ,iizuka
相原,アイハラ,aihara
田代,タシロ,tashiro
角田,ツノダ,tsunoda
小野寺,オノデラ,onodera
岸,キシ,kishi
松岡,マツオカ,matsuoka
浜田,ハマダ,hamada
金井,カナイ,kanai
篠原,シノハラ,shinohara
村山,ムラヤマ,murayama
本多,ホンダ,honda
長島,ナガシマ,nagashima
西川,ニシカワ,nishikawa
松村,マツムラ,matsumura
大石,オオイシ,oishi
松浦,マツウラ,matsura
三橋,ミツハシ,mitsuhashi
石橋,イシバシ,ishibashi
永田,ナガタ,nagata
野田,ノダ,noda
吉野,ヨシノ,yoshino
柏木,カシワギ,kashiwagi
高田,タカダ,takada
大木,オオキ,oki
鎌田,カマタ,kamata
尾崎,オザキ,ozaki
大山,オオヤマ,oyama
黒田,クロダ,kuroda
堀,ホリ,hori
平山,ヒラヤマ,hirayama
辻,ツジ,tsuji
西田,ニシダ,nishida
星,ホシ,hoshi
富田,トミタ,tomita
吉村,ヨシムラ,yoshimura
多田,タダ,tada
小倉,オグラ,ogura
及川,オイカワ,oikawa
牧野,マキノ,makino
臼井,ウスイ,usui
稲葉,イナバ,inaba
岡部,オカベ,okabe
高木,タカギ,takagi
青山,アオヤマ,aoyama
小宮,コミヤ,komiya
松原,マツバラ,matsubara
田島,タジマ,tajima
小笠原,オガサワラ,ogasawara
片山,カタヤマ,katayama
宮下,ミヤシタ,miyashita
笠原,カサハラ,kasahara
今野,コンノ,konno
渡邊,ワタナベ,watanabe
堀内,ホリウチ,horiuchi
岡村,オカムラ,okamura
米山,ヨネヤマ,yoneyama
大西,オオニシ,onishi
松永,マツナガ,matsunaga
大竹,オオタケ,otake
吉岡,ヨシオカ,yoshioka
白石,シライシ,shiraishi
須田,スダ,suda
今村,イマムラ,imamura
小田,オダ,oda
岡崎,オカザキ,okazaki
畠山,ハタケヤマ,hatakeyama
大貫,オオヌキ,onuki
中西,ナカニシ,nakanishi
新倉,ニイクラ,niikura
町田,マチダ,machida
足立,アダチ,adachi
山岸,ヤマギシ,yamagishi
中田,ナカダ,nakada
石黒,イシグロ,ishiguro
大沢,オオサワ,osawa
長田,オサダ,osada
荒川,アラカワ,arakawa
武井,タケイ,takei
渡部,ワタベ,watabe
三上,ミカミ,mikami
村松,ムラマツ,muramatsu
奥山,オクヤマ,okuyama
坂井,サカイ,sakai
岡,オカ,oka
根岸,ネギシ,negishi
秋元,アキモト,akimoto
宮川,ミヤガワ,miyagawa
寺田,テラダ,terada
片岡,カタオカ,kataoka
福井,フクイ,fukui
安部,アベ,abe
児玉,コダマ,kodama
渡邉,ワタナベ,watanabe
古谷,フルヤ,furuya
山崎,ヤマザキ,yamazaki
相沢,アイザワ,aizawa
神田,カンダ,kanda
杉浦,スギウラ,sugiura
黒川,クロカワ,kurokawa
河合,カワイ,kawai
杉田,スギタ,sugita
竹田,タケダ,takeda
中嶋,ナカジマ,nakajima
沼田,ヌマタ,numata
津田,ツダ,tsuda
滝沢,タキザワ,takizawa
松崎,マツザキ,matsuzaki
青柳,アオヤギ,aoyagi
矢島,ヤジマ,yajima
庄司,シヨウジ,shiyoji
江口,エグチ,eguchi
守屋,モリヤ,moriya
森山,モリヤマ,moriyama
荻野,オギノ,ogino
坂田,サカタ,sakata
大場,オオバ,oba
古屋,フルヤ,furuya
高野,タカノ,takano
小西,コニシ,konishi
篠崎,シノザキ,shinozaki
堀江,ホリエ,horie
安達,アダチ,adachi
浅井,アサイ,asai
北川,キタガワ,kitagawa
古賀,コガ,koga
中沢,ナカザワ,nakazawa
森本,モリモト,morimoto
栗田,クリタ,kurita
野崎,ノザキ,nozaki
土田,ツチダ,tsuchida
神谷,カミヤ,kamiya
三宅,ミヤケ,miyake
平本,ヒラモト,hiramoto
塚本,ツカモト,tsukamoto
戸田,トダ,toda
高田,タカダ,takada
稲垣,イナガキ,inagaki
高山,タカヤマ,takayama
豊田,トヨダ,toyoda
堤,ツツミ,tsutsumi
露木,ツユキ,tsuyuki
大澤,オオサワ,osawa
細谷,ホソヤ,hosoya
大内,オオウチ,ouchi
塚田,ツカダ,tsukada
小嶋,コジマ,kojima
大津,オオツ,otsu
澤田,サワダ,sawada
菅野,スガノ,sugano
奥村,オクムラ,okumura
関野,セキノ,sekino
河原,カワハラ,kawahara
坂口,サカグチ,sakaguchi
細川,ホソカワ,hosokawa
泉,イズミ,izumi
南,ミナミ,minami
森川,モリカワ,morikawa
横溝,ヨコミゾ,yokomizo
大村,オオムラ,omura
櫻井,サクライ,sakurai
亀井,カメイ,kamei
西,ニシ,nishi
二宮,ニノミヤ,ninomiya
岩井,イワイ,iwai
小菅,コスゲ,kosuge
吉川,ヨシカワ,yoshikawa
矢部,ヤベ,yabe
水谷,ミズタニ,mizutani
吉原,ヨシハラ,yoshihara
窪田,クボタ,kubota
岡野,オカノ,okano
野中,ノナカ,nonaka
谷,タニ,tani
下田,シモダ,shimoda
奥田,オクダ,okuda
中尾,ナカオ,nakao
大矢,オオヤ,oya
金田,カネダ,kaneda
手塚,テヅカ,tezuka
河村,カワムラ,kawamura
植田,ウエダ,ueda
山川,ヤマカワ,yamakawa
梅田,ウメダ,umeda
松山,マツヤマ,matsuyama
村井,ムライ,murai
中里,ナカザト,nakazato
中原,ナカハラ,nakahara
柳沢,ヤナギサワ,yanagisawa
中澤,ナカザワ,nakazawa
中田,ナカタ,nakata
安西,アンザイ,anzai
宮内,ミヤウチ,miyauchi
井出,イデ,ide
森下,モリシタ,morishita
金沢,カナザワ,kanazawa
松野,マツノ,matsuno
福本,フクモト,fukumoto
柳川,ヤナガワ,yanagawa
沢田,サワダ,sawada
黒沢,クロサワ,kurosawa
細野,ホソノ,hosono
相馬,ソウマ,soma
小室,コムロ,komuro
永野,ナガノ,nagano
河野,カワノ,kawano
東,アズマ,azuma
杉崎,スギザキ,sugizaki
石山,イシヤマ,ishiyama
長尾,ナガオ,nagao
曽根,ソネ,sone
保坂,ホサカ,hosaka
川田,カワダ,kawada
新田,ニツタ,nitsuta
松島,マツシマ,matsushima
土井,ドイ,doi
上村,カミムラ,kamimura
前川,マエカワ,maekawa
桑原,クワハラ,kuwahara
平川,ヒラカワ,hirakawa
二見,フタミ,futami
並木,ナミキ,namiki
西野,ニシノ,nishino
篠田,シノダ,shinoda
曽我,ソガ,soga
植木,ウエキ,ueki
川端,カワバタ,kawabata
島村,シマムラ,shimamura
徳永,トクナガ,tokunaga
奈良,ナラ,nara
相澤,アイザワ,aizawa
宮原,ミヤハラ,miyahara
冨田,トミタ,tomita
三好,ミヨシ,miyoshi
倉田,クラタ,kurata
平林,ヒラバヤシ,hirabayashi
芳賀,ハガ,haga
菅沼,スガヌマ,suganuma
甲斐,カイ,kai
長岡,ナガオカ,nagaoka
山村,ヤマムラ,yamamura
吉沢,ヨシザワ,yoshizawa
朝倉,アサクラ,asakura
高梨,タカナシ,takanashi
藤沢,フジサワ,fujisawa
嶋田,シマダ,shimada
福岡,フクオカ,fukuoka
中井,ナカイ,nakai
磯部,イソベ,isobe
長野,ナガノ,nagano
柳田,ヤナギダ,yanagida
高山,タカヤマ,takayama
相川,アイカワ,aikawa
片桐,カタギリ,katagiri
井口,イグチ,iguchi
岩瀬,イワセ,iwase
宮沢,ミヤザワ,miyazawa
小原,オバラ,obara
水島,ミズシマ,mizushima
北原,キタハラ,kitahara
皆川,ミナガワ,minagawa
長沢,ナガサワ,nagasawa
大槻,オオツキ,otsuki
藤野,フジノ,fujino
大井,オオイ,oi
榊原,サカキバラ,sakakibara
池上,イケガミ,ikegami
持田,モチダ,mochida
佐伯,サエキ,saeki
廣瀬,ヒロセ,hirose
大原,オオハラ,ohara
三木,ミキ,miki
宇野,ウノ,uno
大沼,オオヌマ,onuma
西尾,ニシオ,nishio
岸本,キシモト,kishimoto
早坂,ハヤサカ,hayasaka
茂木,モギ,mogi
植松,ウエマツ,uematsu
堀口,ホリグチ,horiguchi
黒木,クロキ,kuroki
内海,ウツミ,utsumi
熊沢,クマザワ,kumazawa
広田,ヒロタ,hirota
大友,オオトモ,otomo
小出,コイデ,koide
桑原,クワバラ,kuwabara
出口,デグチ,deguchi
山根,ヤマネ,yamane
北島,キタジマ,kitajima
下山,シモヤマ,shimoyama
雨宮,アメミヤ,amemiya
進藤,シンドウ,shindo
小俣,オマタ,omata
笠井,カサイ,kasai
宇佐美,ウサミ,usami
竹村,タケムラ,takemura
秋本,アキモト,akimoto
重田,シゲタ,shigeta
浅田,アサダ,asada
川原,カワハラ,kawahara
磯崎,イソザキ,isozaki
石崎,イシザキ,ishizaki
片野,カタノ,katano
諸星,モロホシ,morohoshi
古田,フルタ,furuta
森谷,モリヤ,moriya
志賀,シガ,shiga
富永,トミナガ,tominaga
野沢,ノザワ,nozawa
長瀬,ナガセ,nagase
神保,ジンボ,jinbo
鶴田,ツルタ,tsuruta
福原,フクハラ,fukuhara
小坂,コサカ,kosaka
藤村,フジムラ,fujimura
川瀬,カワセ,kawase
川井,カワイ,kawai
栗山,クリヤマ,kuriyama
島崎,シマザキ,shimazaki
大平,オオヒラ,ohira
三井,ミツイ,mitsui
梅沢,ウメザワ,umezawa
下村,シモムラ,shimomura
内野,ウチノ,uchino
浅見,アサミ,asami
飯野,イイノ,iino
大城,オオシロ,oshiro
志田,シダ,shida
小森,コモリ,komori
菅原,スガハラ,sugahara
今泉,イマイズミ,imaizumi
岩渕,イワブチ,iwabuchi
溝口,ミゾグチ,mizoguchi
市村,イチムラ,ichimura
板垣,イタガキ,itagaki
西岡,ニシオカ,nishioka
小杉,コスギ,kosugi
堀川,ホリカワ,horikawa
三田,ミタ,mita
勝又,カツマタ,katsumata
田畑,タバタ,tabata
堀田,ホツタ,hotsuta
岩沢,イワサワ,iwasawa
東,ヒガシ,higashi
竹下,タケシタ,takeshita
宮城,ミヤギ,miyagi
依田,ヨダ,yoda
坪井,ツボイ,tsuboi
三輪,ミワ,miwa
田原,タハラ,tahara
永島,ナガシマ,nagashima
草野,クサノ,kusano
米田,ヨネダ,yoneda
神山,カミヤマ,kamiyama
浜野,ハマノ,hamano
川野,カワノ,kawano
宮川,ミヤカワ,miyakawa
三村,ミムラ,mimura
田所,タドコロ,tadokoro
府川,フカワ,fukawa
吉澤,ヨシザワ,yoshizawa
入江,イリエ,irie
花田,ハナダ,hanada
川本,カワモト,kawamoto
長澤,ナガサワ,nagasawa
木内,キウチ,kiuchi
金澤,カナザワ,kanazawa
濱田,ハマダ,hamada
黒澤,クロサワ,kurosawa
緒方,オガタ,ogata
葛西,カサイ,kasai
奥津,オクツ,okutsu
竹中,タケナカ,takenaka
齊藤,サイトウ,saito
藤川,フジカワ,fujikawa
小柳,コヤナギ,koyanagi
亀山,カメヤマ,kameyama
宮澤,ミヤザワ,miyazawa
諏訪,スワ,suwa
風間,カザマ,kazama
筒井,ツツイ,tsutsui
比嘉,ヒガ,higa
柳,ヤナギ,yanagi
布施,フセ,fuse
麻生,アソウ,aso
尾形,オガタ,ogata
湯浅,ユアサ,yuasa
園田,ソノダ,sonoda
李,リ,ri
半田,ハンダ,handa
横井,ヨコイ,yokoi
藤岡,フジオカ,fujioka
白川,シラカワ,shirakawa
杉原,スギハラ,sugihara
松沢,マツザワ,matsuzawa
矢口,ヤグチ,yaguchi
安斉,アンザイ,anzai
松木,マツキ,matsuki
菅谷,スガヤ,sugaya
石垣,イシガキ,ishigaki
座間,ザマ,zama
若松,ワカマツ,wakamatsu
岩崎,イワサキ,iwasaki
向井,ムカイ,mukai
富樫,トガシ,togashi
井田,イダ,ida
湯川,ユカワ,yukawa
秋葉,アキバ,akiba
野本,ノモト,nomoto
安井,ヤスイ,yasui
長井,ナガイ,nagai
畑,ハタ,hata
有馬,アリマ,arima
福山,フクヤマ,fukuyama
椎野,シイノ,shiino
三枝,サエグサ,saegusa
大和田,オオワダ,owada
阿久津,アクツ,akutsu
長嶋,ナガシマ,nagashima
梶原,カジワラ,kajiwara
江藤,エトウ,eto
宍戸,シシド,shishido
廣田,ヒロタ,hirota
竹本,タケモト,takemoto
難波,ナンバ,nanba
亀田,カメダ,kameda
遠山,トオヤマ,tooyama
清野,セイノ,seino
高瀬,タカセ,takase
細田,ホソダ,hosoda
丹羽,ニワ,niwa
小谷,コタニ,kotani
有田,アリタ,arita
小峰,コミネ,komine
林田,ハヤシダ,hayashida
関谷,セキヤ,sekiya
成瀬,ナルセ,naruse
岩下,イワシタ,iwashita
滝口,タキグチ,takiguchi
中根,ナカネ,nakane
塚原,ツカハラ,tsukahara
堀越,ホリコシ,horikoshi
石坂,イシザカ,ishizaka
大庭,オオバ,oba
川名,カワナ,kawana
佐竹,サタケ,satake
鳥海,トリウミ,toriumi
川辺,カワベ,kawabe
岸田,キシダ,kishida
藤森,フジモリ,fujimori
植村,ウエムラ,uemura
深沢,フカザワ,fukazawa
藤巻,フジマキ,fujimaki
陳,チン,chin
河本,カワモト,kawamoto
浅川,アサカワ,asakawa
菅,スガ,suga
神崎,カンザキ,kanzaki
椎名,シイナ,shiina
浅沼,アサヌマ,asanuma
上村,ウエムラ,uemura
鳥居,トリイ,torii
堀井,ホリイ,horii
添田,ソエダ,soeda
岩間,イワマ,iwama
中島,ナカシマ,nakashima
松川,マツカワ,matsukawa
平塚,ヒラツカ,hiratsuka
瀬川,セガワ,segawa
秋田,アキタ,akita
目黒,メグロ,meguro
千田,チダ,chida
福永,フクナガ,fukunaga
水上,ミズカミ,mizukami
加納,カノウ,kano
佐川,サガワ,sagawa
永山,ナガヤマ,nagayama
梅原,ウメハラ,umehara
宮島,ミヤジマ,miyajima
宮崎,ミヤザキ,miyazaki
丹野,タンノ,tanno
西原,ニシハラ,nishihara
吉井,ヨシイ,yoshii
日野,ヒノ,hino
富岡,トミオカ,tomioka
橘,タチバナ,tachibana
平岡,ヒラオカ,hiraoka
大田,オオタ,ota
木原,キハラ,kihara
高井,タカイ,takai
吉本,ヨシモト,yoshimoto
北野,キタノ,kitano
高梨,タカナシ,takanashi
畑中,ハタナカ,hatanaka
須山,スヤマ,suyama
柳下,ヤギシタ,yagishita
中谷,ナカタニ,nakatani
保田,ヤスダ,yasuda
鶴岡,ツルオカ,tsuruoka
本橋,モトハシ,motohashi
村岡,ムラオカ,muraoka
西沢,ニシザワ,nishizawa
徳田,トクダ,tokuda
和泉,イズミ,izumi
板倉,イタクラ,itakura
鹿島,カシマ,kashima
海老原,エビハラ,ebihara
村瀬,ムラセ,murase
立川,タチカワ,tachikawa
武内,タケウチ,takeuchi
横尾,ヨコオ,yokoo
奥野,オクノ,okuno
山岡,ヤマオカ,yamaoka
角田,カクタ,kakuta
平松,ヒラマツ,hiramatsu
片倉,カタクラ,katakura
長谷部,ハセベ,hasebe
大滝,オオタキ,otaki
結城,ユウキ,yuki
大坪,オオツボ,otsubo
稲田,イナダ,inada
長沼,ナガヌマ,naganuma
宇田川,ウダガワ,udagawa
荻原,オギハラ,ogihara
深谷,フカヤ,fukaya
高島,タカシマ,takashima
細井,ホソイ,hosoi
小堀,コボリ,kobori
小原,オハラ,ohara
立花,タチバナ,tachibana
藤崎,フジサキ,fujisaki
橋口,ハシグチ,hashiguchi
門脇,カドワキ,kadowaki
白鳥,シラトリ,shiratori
越智,オチ,ochi
市原,イチハラ,ichihara
立石,タテイシ,tateishi
原口,ハラグチ,haraguchi
常盤,トキワ,tokiwa
長崎,ナガサキ,nagasaki
日高,ヒダカ,hidaka
金城,キンジヨウ,kinjiyo
小野田,オノダ,onoda
毛利,モウリ,mori
岩永,イワナガ,iwanaga
岩澤,イワサワ,iwasawa
平沢,ヒラサワ,hirasawa
江川,エガワ,egawa
松澤,マツザワ,matsuzawa
伊沢,イザワ,izawa
五味,ゴミ,gomi
小幡,オバタ,obata
相田,アイダ,aida
玉井,タマイ,tamai
宮坂,ミヤサカ,miyasaka
倉持,クラモチ,kuramochi
黒岩,クロイワ,kuroiwa
野島,ノジマ,nojima
波多野,ハタノ,hatano
清田,キヨタ,kiyota
中丸,ナカマル,nakamaru
牧,マキ,maki
蒲谷,カバヤ,kabaya
菱沼,ヒシヌマ,hishinuma
大倉,オオクラ,okura
村越,ムラコシ,murakoshi
寺島,テラシマ,terashima
蛭田,ヒルタ,hiruta
綿貫,ワタヌキ,watanuki
江成,エナリ,enari
染谷,ソメヤ,someya
山崎,ヤマサキ,yamasaki
東海林,シヨウジ,shiyoji
二瓶,ニヘイ,nihei
香川,カガワ,kagawa
板橋,イタバシ,itabashi
岩佐,イワサ,iwasa
島,シマ,shima
平,タイラ,taira
大熊,オオクマ,okuma
小関,コセキ,koseki
井手,イデ,ide
薄井,ウスイ,usui
野上,ノガミ,nogami
外山,トヤマ,toyama
椿,ツバキ,tsubaki
豊島,トヨシマ,toyoshima
西本,ニシモト,nishimoto
林,リン,rin
三沢,ミサワ,misawa
小宮山,コミヤマ,komiyama
菅井,スガイ,sugai
猪股,イノマタ,inomata
赤坂,アカサカ,akasaka
猪俣,イノマタ,inomata
前原,マエハラ,maehara
大関,オオゼキ,ozeki
熊坂,クマサカ,kumasaka
川合,カワイ,kawai
上杉,ウエスギ,uesugi
荻原,オギワラ,ogiwara
脇,ワキ,waki
吉野,ヨシノ,yoshino
大嶋,オオシマ,oshima
加瀬,カセ,kase
大江,オオエ,oe
田川,タガワ,tagawa
伏見,フシミ,fushimi
照井,テルイ,terui
杉村,スギムラ,sugimura
三原,ミハラ,mihara
三島,ミシマ,mishima
日下,クサカ,kusaka
門倉,カドクラ,kadokura
秦,ハタ,hata
川嶋,カワシマ,kawashima
今,コン,kon
高松,タカマツ,takamatsu
塩田,シオダ,shioda
滝本,タキモト,takimoto
三谷,ミタニ,mitani
坂下,サカシタ,sakashita
水口,ミズグチ,mizuguchi
梶,カジ,kaji
山室,ヤマムロ,yamamuro
影山,カゲヤマ,kageyama
紺野,コンノ,konno
南雲,ナグモ,nagumo
西島,ニシジマ,nishijima
芹沢,セリザワ,serizawa
川畑,カワバタ,kawabata
張,チヨウ,chiyo
正木,マサキ,masaki
有賀,アリガ,ariga
末永,スエナガ,suenaga
栗林,クリバヤシ,kuribayashi
浦田,ウラタ,urata
平賀,ヒラガ,hiraga
綾部,アヤベ,ayabe
山形,ヤマガタ,yamagata
宮野,ミヤノ,miyano
笹原,ササハラ,sasahara
関本,セキモト,sekimoto
小玉,コダマ,kodama
西澤,ニシザワ,nishizawa
藤澤,フジサワ,fujisawa
長田,ナガタ,nagata
山上,ヤマガミ,yamagami
深沢,フカサワ,fukasawa
織田,オダ,oda
氏家,ウジイエ,ujiie
梅澤,ウメザワ,umezawa
柳原,ヤナギハラ,yanagihara
村木,ムラキ,muraki
真壁,マカベ,makabe
吉永,ヨシナガ,yoshinaga
大崎,オオサキ,osaki
矢沢,ヤザワ,yazawa
橘川,キツカワ,kitsukawa
熊澤,クマザワ,kumazawa
高村,タカムラ,takamura
高柳,タカヤナギ,takayanagi
倉本,クラモト,kuramoto
須藤,ストウ,suto
柳澤,ヤナギサワ,yanagisawa
川崎,カワサキ,kawasaki
勝俣,カツマタ,katsumata
春日,カスガ,kasuga
金,キン,kin
北見,キタミ,kitami
小清水,コシミズ,koshimizu
柴山,シバヤマ,shibayama
藤木,フジキ,fujiki
碓井,ウスイ,usui
江原,エハラ,ehara
八巻,ヤマキ,yamaki
神戸,カンベ,kanbe
野澤,ノザワ,nozawa
池谷,イケヤ,ikeya
金山,カナヤマ,kanayama
戸塚,トツカ,totsuka
上條,カミジヨウ,kamijiyo
金森,カナモリ,kanamori
真田,サナダ,sanada
中林,ナカバヤシ,nakabayashi
益田,マスダ,masuda
磯野,イソノ,isono
本山,モトヤマ,motoyama
箕輪,ミノワ,minowa
金,キム,kimu
名取,ナトリ,natori
岩野,イワノ,iwano
福地,フクチ,fukuchi
松橋,マツハシ,matsuhashi
森岡,モリオカ,morioka
熊倉,クマクラ,kumakura
那須,ナス,nasu
高島,タカシマ,takashima
岩城,イワキ,iwaki
増山,マスヤマ,masuyama
石野,イシノ,ishino
矢崎,ヤザキ,yazaki
加山,カヤマ,kayama
坂元,サカモト,sakamoto
野原,ノハラ,nohara
三澤,ミサワ,misawa
間宮,マミヤ,mamiya
松元,マツモト,matsumoto
高井,タカイ,takai
中本,ナカモト,nakamoto
小椋,オグラ,ogura
吉村,ヨシムラ,yoshimura
緑川,ミドリカワ,midorikawa
大越,オオコシ,okoshi
大河原,オオカワラ,okawara
谷川,タニカワ,tanikawa
高瀬,タカセ,takase
深瀬,フカセ,fukase
寺尾,テラオ,terao
日比野,ヒビノ,hibino
山城,ヤマシロ,yamashiro
小山,オヤマ,oyama
杉野,スギノ,sugino
王,オウ,o
百瀬,モモセ,momose
下川,シモカワ,shimokawa
稲村,イナムラ,inamura
室井,ムロイ,muroi
野呂,ノロ,noro
北山,キタヤマ,kitayama
森井,モリイ,morii
柿沼,カキヌマ,kakinuma
平尾,ヒラオ,hirao
古澤,フルサワ,furusawa
米沢,ヨネザワ,yonezawa
須賀,スガ,suga
仲村,ナカムラ,nakamura
古沢,フルサワ,furusawa
日下部,クサカベ,kusakabe
平澤,ヒラサワ,hirasawa
深田,フカダ,fukada
尾上,オノウエ,onoue
河内,カワウチ,kawauchi
会田,アイダ,aida
青野,アオノ,aono
玉木,タマキ,tamaki
米倉,ヨネクラ,yonekura
城所,キドコロ,kidokoro
飛田,トビタ,tobita
村野,ムラノ,murano
北沢,キタザワ,kitazawa
木田,キダ,kida
前島,マエジマ,maejima
鴨志田,カモシダ,kamoshida
古木,フルキ,furuki
矢吹,ヤブキ,yabuki
石丸,イシマル,ishimaru
菊田,キクタ,kikuta
本郷,ホンゴウ,hongo
明石,アカシ,akashi
小山内,オサナイ,osanai
久米,クメ,kume
金谷,カナヤ,kanaya
牧田,マキタ,makita
相良,サガラ,sagara
関戸,セキド,sekido
田邊,タナベ,tanabe
広川,ヒロカワ,hirokawa
笠間,カサマ,kasama
葉山,ハヤマ,hayama
恩田,オンダ,onda
横川,ヨコカワ,yokokawa
桐生,キリユウ,kiriyu
桜田,サクラダ,sakurada
瀬尾,セオ,seo
柿崎,カキザキ,kakizaki
水越,ミズコシ,mizukoshi
浦野,ウラノ,urano
長塚,ナガツカ,nagatsuka
大畑,オオハタ,ohata
土橋,ドバシ,dobashi
岩村,イワムラ,iwamura
桐山,キリヤマ,kiriyama
福士,フクシ,fukushi
磯貝,イソガイ,isogai
城田,シロタ,shirota
河田,カワダ,kawada
勝田,カツタ,katsuta
北條,ホウジヨウ,hojiyo
湊,ミナト,minato
粕谷,カスヤ,kasuya
小山田,オヤマダ,oyamada
飯村,イイムラ,iimura
谷本,タニモト,tanimoto
橋爪,ハシヅメ,hashizume
羽鳥,ハトリ,hatori
梶山,カジヤマ,kajiyama
木島,キジマ,kijima
草柳,クサヤナギ,kusayanagi
増井,マスイ,masui
狩野,カノウ,kano
木戸,キド,kido
富沢,トミザワ,tomizawa
塩沢,シオザワ,shiozawa
保科,ホシナ,hoshina
丸田,マルタ,maruta
柴崎,シバザキ,shibazaki
飯山,イイヤマ,iiyama
富山,トミヤマ,tomiyama