亮,りょう,ryou
由宇,ゆう,yuu
陽介,ようすけ,yousuke
礼子,れいこ,reiko
なつみ,なつみ,natsumi
奈央,なお,nao
剛基,よしき,yoshiki
新太,あらた,arata
小雁,こがん,kogan
優,ゆう,yuu
克実,かつみ,katsumi
隆之介,りゅうのすけ,ryuunosuke
光洋,みつひろ,mitsuhiro
真希,まき,maki
なぎさ,なぎさ,nagisa
慶太,けいた,keita
陽子,ようこ,youko
孝太郎,こうたろう,koutarou
あおい,あおい,aoi
茜,あかね,akane
美佐,みさ,misa
聖陽,まさあき,masaaki
夏空,そら,sora
竜也,たつや,tatsuya
雅之,まさゆき,masayuki
朝陽,あさひ,asahi
未來,みらい,mirai
真希,まき,maki
健,けん,ken
一輝,かずき,kazuki
遥,はるか,haruka
孝太郎,こうたろう,koutarou
聖陽,まさあき,masaaki
メイサ,めいさ,meisa
はるか,はるか,haruka
良介,りょうすけ,ryousuke
基祐,きすけ,kisuke
恭子,きょうこ,kyouko
憲一,けんいち,kenichi
景子,けいこ,keiko
沙耶,さや,saya
コウ,こう,kou
崇史,たかし,takashi
倫子,のりこ,noriko
由宇,ゆう,yuu
薫,かおる,kaoru
麻由子,まゆこ,mayuko
聡,さとし,satoshi
隆,たかし,takashi
彩,あや,aya
兼,けん,ken
結子,ゆうこ,yuuko
翔太,しょうた,shouta
隆博,たかひろ,takahiro
太朗,たろう,tarou
美佳,みか,mika
和香,わか,waka
エリカ,えりか,erika
美咲,みさき,misaki
恵梨香,えりか,erika
菜々美,ななみ,nanami
夏希,なつき,natsuki
光良,てるよし,teruyoshi
直人,なおと,naoto
浩正,ひろまさ,hiromasa
雅彦,まさひこ,masahiko
光博,みつひろ,mitsuhiro
なつみ,なつみ,natsumi
恵梨香,えりか,erika
昌代,まさよ,masayo
雅之,まさゆき,masayuki
恵麻,えま,ema
那奈,なな,nana
陽子,ようこ,youko
英嗣,ひでつぐ,hidetsugu
洋介,ようすけ,yousuke
璃子,りこ,riko
菊生,きくお,kikuo
豊,ゆたか,yutaka
剛基,よしき,yoshiki
由宇,ゆう,yuu
克実,かつみ,katsumi
浩介,こうすけ,kousuke
竜次,りゅうじ,ryuuji
晴臣,はるおみ,haruomi
由宇,ゆう,yuu
未來,みらい,mirai
美佳,みか,mika
育子,いくこ,ikuko
洋介,ようすけ,yousuke
一代,かずよ,kazuyo
満,みつる,mitsuru
真悠子,まゆこ,mayuko
直人,なおと,naoto
鉄洋,てつひろ,tetsuhiro
宏行,ひろゆき,hiroyuki
涼子,りょうこ,ryouko
輝信,あきのぶ,akinobu
瞳,ひとみ,hitomi
賢治,けんじ,kenji
路子,みちこ,michiko
碧海,おうが,ouga
桃子,ももこ,momoko
涼,りょう,ryou
進,すすむ,susumu
智花,ともか,tomoka
正義,まさよし,masayoshi
美菜,みな,mina
寿々花,すずか,suzuka
昌代,まさよ,masayo
美和子,みわこ,miwako
宏行,ひろゆき,hiroyuki
きみまろ,きみまろ,kimimaro
晃司,こうじ,kouji
莉沙,りさ,risa
明,あきら,akira
悟志,さとし,satoshi
真悠子,まゆこ,mayuko
仁晶,ひろあき,hiroaki
菊生,きくお,kikuo
守,まもる,mamoru
みあ,みあ,mia
寛,ひろし,hiroshi
きみまろ,きみまろ,kimimaro
了,りょう,ryou
はるか,はるか,haruka
愛,あい,ai
美里,みり,miri
彩華,あやか,ayaka
薫,かおる,kaoru
徹,とおる,tooru
くるみ,くるみ,kurumi
真悠子,まゆこ,mayuko
光良,てるよし,teruyoshi
基祐,きすけ,kisuke
莉沙,りさ,risa
しほり,しほり,shihori
フミヤ,ふみや,fumiya
芽以,めい,mei
崇史,たかし,takashi
裕司,ゆうじ,yuuji
瞬,しゅん,shun
路子,みちこ,michiko
みゆき,みゆき,miyuki
達士,たつひと,tatsuhito
将也,まさや,masaya
一輝,かずき,kazuki
文世,ふみよ,fumiyo
美幸,みゆき,miyuki1
勤,つとむ,tsutomu
一,はじめ,hajime
直人,なおと,naoto
はるみ,はるみ,harumi
愛梨,あいり,airi
賢治,けんじ,kenji
雅之,まさゆき,masayuki
鉄二,てつじ,tetsuji
佳乃,よしの,yoshino
愛,あい,ai
知世,ちせ,chise
真一,しんいち,shinichi
雅彦,まさひこ,masahiko
優,ゆう,yuu
亮,りょう,ryou
雅彦,まさひこ,masahiko
鉄洋,てつひろ,tetsuhiro
勇介,ゆうすけ,yuusuke
将也,まさや,masaya
一哉,かずや,kazuya
紗季,さき,saki
秀隆,ひでたか,hidetaka
ちえみ,ちえみ,chiemi
小雁,こがん,kogan
友以乃,ゆいの,yuino
浩太郎,こうたろう,koutarou
あさみ,あさみ,asami
ちえみ,ちえみ,chiemi
璃子,りこ,riko
芽以,めい,mei
千夏,ちなつ,chinatsu
ヒロ,ひろ,hiro
瑠璃亜,るりあ,ruria
朝陽,あさひ,asahi
朝香,あさか,asaka
宏,ひろし,hiroshi
直人,なおと,naoto
なぎさ,なぎさ,nagisa
仁,じん,jin
有起哉,ゆきや,yukiya
さやか,さやか,sayaka
瞬,しゅん,shun
莉央,りお,rio
博之,ひろゆき,hiroyuki
俊二,しゅんじ,shunji
聖陽,まさあき,masaaki
龍吉,りゅうきち,ryuukichi
メイサ,めいさ,meisa
丈雄,たけお,takeo
隆之介,りゅうのすけ,ryuunosuke
優,ゆう,yuu
理紗,りさ,risa
悟志,さとし,satoshi
玲那,れな,rena
里穂,りほ,riho
信吾,しんご,shingo
貴嶺,たかね,takane
咲,さき,saki
了,りょう,ryou
哲平,てっぺい,teppei
寿明,としあき,toshiaki
由宇,ゆう,yuu
ひろみ,ひろみ,hiromi
幸子,さちこ,sachiko
秀隆,ひでたか,hidetaka
美咲,みさき,misaki
浩介,こうすけ,kousuke
ジローラモ,じろーらも,girolamo
麻緒,まお,mao
茂樹,しげき,shigeki
誠一,せいいち,seiichi
将也,まさや,masaya
由宇,ゆう,yuu
だん吉,だんきち,dankichi
了,りょう,ryou
優一,ゆういち,yuuichi
サンタマリア,さんたまりあ,stmaria
さやか,さやか,sayaka
フミヤ,ふみや,fumiya
朝陽,あさひ,asahi
徹,とおる,tooru
そら,そら,sora
涼子,りょうこ,ryouko
龍吉,りゅうきち,ryuukichi
一徳,いっとく,ittoku
明慶,あきよし,akiyoshi
一哉,かずや,kazuya
徹,とおる,tohru
隼士,しゅんじ,shunji
あい,あい,ai
了,りょう,ryou
あさみ,あさみ,asami
未來,みらい,mirai
俊二,しゅんじ,shunji
那奈,なな,nana
明慶,あきよし,akiyoshi
輝信,あきのぶ,akinobu
そら,そら,sora
優,ゆう,yuu
春樹,はるき,haruki
一哉,かずや,kazuya
一徳,いっとく,ittoku
勇一,ゆういち,yuuichi
まひる,まひる,mahiru
まみ,まみ,mami
明,あきら,akira
千佳子,ちかこ,chikako
菜摘,なつみ,natsumi
光良,てるよし,teruyoshi
貴美子,きみこ,kimiko
由宇,ゆう,yuu
徹平,てっぺい,teppei
千夏,ちなつ,chinatsu
薫,かおる,kaoru
結衣,ゆい,yui
真一,しんいち,shinichi
獅童,しどう,shidou
完爾,かんじ,kanji
宏,ひろし,hiroshi
恵麻,えま,ema
季衣,としえ,toshie
法子,のりこ,noriko
愛子,あいこ,aiko
佳乃,よしの,yoshino
恵子,けいこ,keiko
さやか,さやか,sayaka
早紀,さき,saki
なぎさ,なぎさ,nagisa
奈月,なつき,natsuki
蒼甫,そうすけ,sousuke
璃子,りこ,riko
たかお,たかお,takao
陽子,ようこ,youko
まさみ,まさみ,masami
憲史,のりひと,norihito
直人,なおと,naoto
さんま,さんま,sanma
みゆき,みゆき,miyuki
兼,けん,ken
直人,なおと,naoto
ひとり,ひとり,hitori
小百合,さゆり,sayuri
里奈,りな,rina
美菜,みな,mina
まさし,まさし,masashi
亮介,りょうすけ,ryousuke
丈雄,たけお,takeo
恵梨香,えりか,erika
愛,あい,ai
丈雄,たけお,takeo
瞬,しゅん,shun
照生,てるお,teruo
洋介,ようすけ,yousuke
愛梨,あいり,airi
守,まもる,mamoru
弘也,ひろなり,hironari
啓介,けいすけ,keisuke
克実,かつみ,katsumi
恵望子,えみこ,emiko
だん吉,だんきち,dankichi
憲一,けんいち,kenichi
拓郎,たくろう,takurou
佑,たすく,tasuku
だん吉,だんきち,dankichi
宏行,ひろゆき,hiroyuki
禄郎,ろくろう,rokurou
希,のぞみ,nozomi
陽介,ようすけ,yousuke
遥,はるか,haruka
裕次郎,ゆうじろう,yuujirou
薫,かおる,kaoru
隆,たかし,takashi
賢二,けんじ,kenji
右京,うきょう,ukyou
完爾,かんじ,kanji
里奈,りな,rina
勤,つとむ,tsutomu
秀隆,ひでたか,hidetaka
一哉,かずや,kazuya
サンタマリア,さんたまりあ,stmaria
ひかり,ひかり,hikari
勇介,ゆうすけ,yuusuke
美里,みり,miri
奈央,なお,nao
ヒロ,ひろ,hiro
慶二,けいじ,keiji
まさみ,まさみ,masami
薫,かおる,kaoru
守,まもる,mamoru
エリカ,えりか,erika
美希,みき,miki
璃子,りこ,riko
翔子,しょうこ,shouko
文世,ふみよ,fumiyo
礼子,れいこ,reiko
瞬,しゅん,shun
丈史,たけし,takeshi
法子,のりこ,noriko
さんま,さんま,sanma
景子,けいこ,keiko
秀隆,ひでたか,hidetaka
将也,まさや,masaya
広之,ひろゆき,hiroyuki
美幸,みゆき,miyuki
博之,ひろゆき,hiroyuki
俊二,しゅんじ,shunji
敦,あつし,atsushi
美咲,みさき,misaki
ヒカル,ひかる,hikaru
育子,いくこ,ikuko
貴嶺,たかね,takane
法嗣,ほうし,houshi
克実,かつみ,katsumi
彩,あや,aya
那奈,なな,nana
遥,はるか,haruka
公顕,きみあき,kimiaki
たまき,たまき,tamaki
まひる,まひる,mahiru
たまき,たまき,tamaki
めぐみ,めぐみ,megumi
守,まもる,mamoru
遥,はるか,haruka
明宏,あきひろ,akihiro
南朋,なお,nao
桃子,ももこ,momoko
豊,ゆたか,yutaka
六郎,ろくろう,rokurou
遥,はるか,haruka
哲平,てっぺい,teppei
美嘉,みか,mika
愛梨,あいり,airi
愛菜,あいな,aina
小雁,こがん,kogan
奈央,なお,nao
サンタマリア,さんたまりあ,stmaria
健,けん,ken
みあ,みあ,mia
仁,じん,jin
敦,あつし,atsushi
光臣,みつおみ,mitsuomi
亮介,りょうすけ,ryousuke
菊生,きくお,kikuo
哲平,てっぺい,teppei
あさみ,あさみ,asami
一徳,いっとく,ittoku
大樹,ひろき,hiroki
満,みつる,mitsuru
薫,かおる,kaoru
あき,あき,aki
奈々,なな,nana
勝久,かつひさ,katsuhisa
早紀,さき,saki
佑,たすく,tasuku
美嘉,みか,mika
ひとり,ひとり,hitori
メイサ,めいさ,meisa
さとみ,さとみ,satomi
恵麻,えま,ema
愛菜,あいな,aina
博之,ひろゆき,hiroyuki
友也,ともや,tomoya
ひろ子,ひろこ,hiroko
茜,あかね,akane
碧海,おうが,ouga
みゆき,みゆき,miyuki
さとみ,さとみ,satomi
彩,あや,aya
勇一,ゆういち,yuuichi
雅彦,まさひこ,masahiko
優,ゆう,yuu
美月,みづき,miduki
満,みつる,mitsuru
薫,かおる,kaoru
里奈,りな,rina
誠治,せいじ,seiji
菜々美,ななみ,nanami
佑,たすく,tasuku
勝久,かつひさ,katsuhisa
徹平,てっぺい,teppei
彩,あや,aya
優,ゆう,yuu
建,けん,ken
崇史,たかし,takashi
基祐,きすけ,kisuke
季衣,としえ,toshie
功補,こうすけ,kousuke
あさみ,あさみ,asami
秀樹,ひでき,hideki
みゆき,みゆき,miyuki
六郎,ろくろう,rokurou
沙知絵,さちえ,sachie
友香,ともか,tomoka
サンタマリア,さんたまりあ,stmaria
ひろ子,ひろこ,hiroko
なつみ,なつみ,natsumi
れいな,れいな,reina
郁恵,いくえ,ikue
明慶,あきよし,akiyoshi
瞬,しゅん,shun
南朋,なお,nao
恵麻,えま,ema
愛子,あいこ,aiko
充則,みつのり,mitsunori
龍吉,りゅうきち,ryuukichi
咲,さき,saki
希,のぞみ,nozomi
さとみ,さとみ,satomi
恵子,けいこ,keiko
由宇,ゆう,yuu
亮,りょう,ryou
あや子,あやこ,ayako
雅彦,まさひこ,masahiko
郁恵,いくえ,ikue
信吾,しんご,shingo
由宇,ゆう,yuu
慶太,けいた,keita
瞳,ひとみ,hitomi
結子,ゆうこ,yuuko
なつみ,なつみ,natsumi
夏希,なつき,natsuki
信吾,しんご,shingo
薫,かおる,kaoru
陽子,ようこ,youko
賢治,けんじ,kenji
寛治,かんじ,kanji
杏,あん,ann
窈,よう,you
芽以,めい,mei
サンタマリア,さんたまりあ,stmaria
千佳子,ちかこ,chikako
真悠子,まゆこ,mayuko
優,ゆう,yuu
小百合,さゆり,sayuri
右京,うきょう,ukyou
里穂,りほ,riho
貴嶺,たかね,takane
佳乃,よしの,yoshino
高史,たかし,takashi
ジョージ,じょーじ,george
淳子,あつこ,atsuko
啓介,けいすけ,keisuke
さやか,さやか,sayaka
誠治,せいじ,seiji
公顕,きみあき,kimiaki
さんま,さんま,sanma
染五郎,そめごろう,somegorou
美菜,みな,mina
了,りょう,ryou
和香,わか,waka
だん吉,だんきち,dankichi
精児,せいじ,seiji
杏,あん,ann
三郎,さぶろう,saburou
遥,はるか,haruka
龍吉,りゅうきち,ryuukichi
あや子,あやこ,ayako
浩太郎,こうたろう,koutarou
恭子,きょうこ,kyouko
健,けん,ken
丈雄,たけお,takeo
栄一,えいいち,eiichi
幸平,こうへい,kouhei
洋,よう,you
憲一,けんいち,kenichi
倫子,のりこ,noriko
芳正,よしまさ,yoshimasa
しぼり,しぼり,shibori
誠治,せいじ,seiji
かおり,かおり,kaori
仁晶,ひろあき,hiroaki
はるみ,はるみ,harumi
玲那,れな,rena
美咲,みさき,misaki
美月,みづき,miduki
俊介,しゅんすけ,shunsuke
薫,かおる,kaoru
鉄二,てつじ,tetsuji
大樹,ひろき,hiroki
陽介,ようすけ,yousuke
憲一,けんいち,kenichi
菊生,きくお,kikuo
拓郎,たくろう,takurou
勇一,ゆういち,yuuichi
茂樹,しげき,shigeki
希,のぞみ,nozomi
直人,なおと,naoto
まなみ,まなみ,manami
めぐみ,めぐみ,megumi
菊生,きくお,kikuo
那奈,なな,nana
幸子,さちこ,sachiko
勝久,かつひさ,katsuhisa
詩織,しおり,shiori
くるみ,くるみ,kurumi
莉沙,りさ,risa
麗奈,れな,rena
美菜,みな,mina
めぐみ,めぐみ,megumi
将也,まさや,masaya
早紀,さき,saki
獅童,しどう,shidou
詩織,しおり,shiori
美嘉,みか,mika
三省,さんせい,sansei
徹,とおる,tooru
晴臣,はるおみ,haruomi
路子,みちこ,michiko
孝太郎,こうたろう,koutarou
美月,みづき,miduki
広之,ひろゆき,hiroyuki
亜希,あき,aki
愛子,あいこ,aiko
憲一,けんいち,kenichi
洋介,ようすけ,yousuke
洋,よう,you
雅彦,まさひこ,masahiko
亮,りょう,ryou
璃奈子,りなこ,rinako
れいな,れいな,reina
雅彦,まさひこ,masahiko
夏空,そら,sora
菜々美,ななみ,nanami
涼,りょう,ryou
和久,かずひさ,kazuhisa
美希,みき,miki
育二,いくじ,ikuji
満,みつる,mitsuru
季衣,としえ,toshie
ひとり,ひとり,hitori
隆博,たかひろ,takahiro
エリカ,えりか,erika
和之,かずゆき,kazuyuki
恵麻,えま,ema
かおり,かおり,kaori
莉緒,りお,rio
サンタマリア,さんたまりあ,stmaria
まなみ,まなみ,manami
徹,とおる,tohru
朝陽,あさひ,asahi
獅童,しどう,shidou
和香,わか,waka
隼士,しゅんじ,shunji
友也,ともや,tomoya
なぎさ,なぎさ,nagisa
三省,さんせい,sansei
勇太,ゆうた,yuuta
満,みつる,mitsuru
まさみ,まさみ,masami
友也,ともや,tomoya
新太,あらた,arata
洋介,ようすけ,yousuke
豊,ゆたか,yutaka
竜次,りゅうじ,ryuuji
優,ゆう,yuu
崇史,たかし,takashi
豊,ゆたか,yutaka
一樹,かずき,kazuki
知世,ちせ,chise
莉央,りお,rio
寛,ひろし,hiroshi
桃子,ももこ,momoko
友以乃,ゆいの,yuino
聡,さとし,satoshi
真悠子,まゆこ,mayuko
りえ,りえ,rie
たまき,たまき,tamaki
徹平,てっぺい,teppei
エリカ,えりか,erika
くるみ,くるみ,kurumi
くるみ,くるみ,kurumi
ひろ子,ひろこ,hiroko
彩,あや,aya
小百合,さゆり,sayuri
憲史,のりひと,norihito
賢治,けんじ,kenji
奈月,なつき,natsuki
宏行,ひろゆき,hiroyuki
竜也,たつや,tatsuya
照生,てるお,teruo
竜也,たつや,tatsuya
未來,みらい,mirai
早紀,さき,saki
知世,ちせ,chise
みき,みき,miki
慢太郎,まんたろう,mantarou
哲平,てっぺい,teppei
克実,かつみ,katsumi
菜々美,ななみ,nanami
サンタマリア,さんたまりあ,stmaria
裕司,ゆうじ,yuuji
りえ,りえ,rie
ケンイチ,けんいち,kenichi
雅彦,まさひこ,masahiko
薫,かおる,kaoru
まなみ,まなみ,manami
陽介,ようすけ,yousuke
雅之,まさゆき,masayuki
洋介,ようすけ,yousuke
沙知絵,さちえ,sachie
早紀,さき,saki
崇史,たかし,takashi
美幸,みゆき,miyuki
真希,まき,maki
浩太郎,こうたろう,koutarou
長利,ながとし,nagatoshi
晴臣,はるおみ,haruomi
恵麻,えま,ema
結衣,ゆい,yui
真一,しんいち,shinichi
陽子,ようこ,youko
あい,あい,ai
建,けん,ken
みゆき,みゆき,miyuki
真希,まき,maki
獅童,しどう,shidou
南朋,なお,nao
あや子,あやこ,ayako
草太,そうた,souta
貴嶺,たかね,takane
晴臣,はるおみ,haruomi
由宇,ゆう,yuu
未華子,みかこ,mikako
美優,みゅう,myuu
勇太,ゆうた,yuuta
寿々花,すずか,suzuka
小百合,さゆり,sayuri
朝陽,あさひ,asahi
由美子,ゆみこ,yumiko
美嘉,みか,mika
咲,さき,saki
かおり,かおり,kaori
育二,いくじ,ikuji
寛治,かんじ,kanji
晃司,こうじ,kouji
なぎさ,なぎさ,nagisa
智花,ともか,tomoka
和之,かずゆき,kazuyuki
淳,あつし,atsushi
光良,てるよし,teruyoshi
きみまろ,きみまろ,kimimaro
了,りょう,ryou
翔子,しょうこ,shouko
聡,さとし,satoshi
サンタマリア,さんたまりあ,stmaria
惇,あつし,atsushi
美咲,みさき,misaki
美咲,みさき,misaki
惇,あつし,atsushi
咲,さき,saki
敦,あつし,atsushi
正敏,まさとし,masatoshi
竜也,たつや,tatsuya
恵子,けいこ,keiko
勝久,かつひさ,katsuhisa
禄郎,ろくろう,rokurou
有海,あみ,ami
千夏,ちなつ,chinatsu
薫,かおる,kaoru
貴美子,きみこ,kimiko
景子,けいこ,keiko
竜也,たつや,tatsuya
さゆり,さゆり,sayuri
里穂,りほ,riho
夏空,そら,sora
淳,あつし,atsushi
桃子,ももこ,momoko
茂樹,しげき,shigeki
未華子,みかこ,mikako
隆博,たかひろ,takahiro
由美子,ゆみこ,yumiko
小百合,さゆり,sayuri
浩介,こうすけ,kousuke
ジョージ,じょーじ,george
あさみ,あさみ,asami
耕司,こうじ,kouji
早紀,さき,saki
勝久,かつひさ,katsuhisa
りえ,りえ,rie
華子,はなこ,hanako
一輝,かずき,kazuki
賢二,けんじ,kenji
浩太郎,こうたろう,koutarou
米蔵,よねぞう,yonezou
そら,そら,sora
美帆,みほ,miho
友也,ともや,tomoya
幸平,こうへい,kouhei
真帆,まほ,maho
真奈美,まなみ,manami
鉄二,てつじ,tetsuji
きみまろ,きみまろ,kimimaro
弘也,ひろなり,hironari
勇介,ゆうすけ,yuusuke
耕司,こうじ,kouji
さやか,さやか,sayaka
直人,なおと,naoto
俊介,しゅんすけ,shunsuke
マサカズ,まさかず,masakazu
彩,あや,aya
サンタマリア,さんたまりあ,stmaria
俊介,しゅんすけ,shunsuke
さやか,さやか,sayaka
愛,あい,ai
りえ,りえ,rie
友以乃,ゆいの,yuino
寛治,かんじ,kanji
憲一,けんいち,kenichi
綾,あや,aya
哲平,てっぺい,teppei
隆,たかし,takashi
一,はじめ,hajime
早紀,さき,saki
守,まもる,mamoru
瞬,しゅん,shun
哲平,てっぺい,teppei
憲一,けんいち,kenichi
菜々美,ななみ,nanami
晋也,しんや,shinya
智花,ともか,tomoka
達士,たつひと,tatsuhito
一哉,かずや,kazuya
真一,しんいち,shinichi
惇,あつし,atsushi
竜也,たつや,tatsuya
浩正,ひろまさ,hiromasa
窈,よう,you
花緑,かろく,karoku
路子,みちこ,michiko
明日,めいび,meibi
美嘉,みか,mika
麻由子,まゆこ,mayuko
晴臣,はるおみ,haruomi
宏行,ひろゆき,hiroyuki
ひかり,ひかり,hikari
薫,かおる,kaoru
拓郎,たくろう,takurou
美佳,みか,mika
美佐子,みさこ,misako
しほり,しほり,shihori
昌代,まさよ,masayo
豊,ゆたか,yutaka
育二,いくじ,ikuji
朝陽,あさひ,asahi
優,ゆう,yuu
晋也,しんや,shinya
さとみ,さとみ,satomi
草太,そうた,souta
麻緒,まお,mao
美月,みづき,miduki
隆太,りゅうた,ryuuta
愛子,あいこ,aiko
夏空,そら,sora
恵梨香,えりか,erika
有起哉,ゆきや,yukiya
隼士,しゅんじ,shunji
早紀,さき,saki
良介,りょうすけ,ryousuke
サンタマリア,さんたまりあ,stmaria
六郎,ろくろう,rokurou
菜摘,なつみ,natsumi
光,ひかる,hikaru
三省,さんせい,sansei
光,ひかる,hikaru
由樹,ゆき,yuki
朝陽,あさひ,asahi
春樹,はるき,haruki
彩,あや,aya
恵望子,えみこ,emiko
満,みつる,mitsuru
礼子,れいこ,reiko
薫,かおる,kaoru
まひる,まひる,mahiru
雅彦,まさひこ,masahiko
明,あきら,akira
光博,みつひろ,mitsuhiro
長利,ながとし,nagatoshi
英嗣,ひでつぐ,hidetsugu
美菜,みな,mina
薫,かおる,kaoru
薫,かおる,kaoru
淳,あつし,atsushi
充則,みつのり,mitsunori
真吾,しんご,shingo
里穂,りほ,riho
なつみ,なつみ,natsumi
花緑,かろく,karoku
翔,しょう,shou
瑠璃亜,るりあ,ruria
光良,てるよし,teruyoshi
碧海,おうが,ouga
杏,あん,ann
知世,ちせ,chise
ちえみ,ちえみ,chiemi
洋介,ようすけ,yousuke
美希,みき,miki
惇,じゅん,jun
賢二,けんじ,kenji
佳乃,よしの,yoshino
涼,りょう,ryou
あおい,あおい,aoi
莉緒,りお,rio
結衣,ゆい,yui
敦,あつし,atsushi
慎之介,しんのすけ,shinnosuke
育二,いくじ,ikuji
美紀,みき,miki
理紗,りさ,risa
敏和,としかず,toshikazu
仁,じん,jin
太朗,たろう,tarou
めぐみ,めぐみ,megumi
めぐみ,めぐみ,megumi
友香,ともか,tomoka
雅彦,まさひこ,masahiko
三省,さんせい,sansei
愛梨,あいり,airi
秀隆,ひでたか,hidetaka
人志,ひとし,hitoshi
恵子,けいこ,keiko
友也,ともや,tomoya
豊,ゆたか,yutaka
陽子,ようこ,youko
敦,あつし,atsushi
愛菜,あいな,aina
あき,あき,aki
栄一,えいいち,eiichi
亜希,あき,aki
洋,よう,you
花,はな,hana
詩織,しおり,shiori
麻緒,まお,mao
努,つとむ,tsutomu
倫子,のりこ,noriko
研二,けんじ,kenji
紗季,さき,saki1
健,けん,ken
洋,よう,you
芳正,よしまさ,yoshimasa
由樹,ゆき,yuki
美幸,みゆき,miyuki
蒼甫,そうすけ,sousuke
エリカ,えりか,erika
夏空,そら,sora
倫子,のりこ,noriko
佑,たすく,tasuku
由樹,ゆき,yuki
まなみ,まなみ,manami
そら,そら,sora
一徳,いっとく,ittoku
秀樹,ひでき,hideki
ひとり,ひとり,hitori
莉沙,りさ,risa
夏空,そら,sora
瞬,しゅん,shun
貴嶺,たかね,takane
一哉,かずや,kazuya
友以乃,ゆいの,yuino
聡,さとし,satoshi
璃奈子,りなこ,rinako
景子,けいこ,keiko
玲那,れな,rena
コウ,こう,kou
めぐみ,めぐみ,megumi
雅之,まさゆき,masayuki
丈雄,たけお,takeo
健,けん,ken
正義,まさよし,masayoshi
麗奈,れな,rena
宏,ひろし,hiroshi
正敏,まさとし,masatoshi
那奈,なな,nana
りえ,りえ,rie
良介,りょうすけ,ryousuke
裕司,ゆうじ,yuuji
ヒロ,ひろ,hiro
利夫,としお,toshio
みゆき,みゆき,miyuki
南朋,なお,nao
一哉,かずや,kazuya
未來,みらい,mirai
法子,のりこ,noriko
佳乃,よしの,yoshino
砂羽,さわ,sawa
あさみ,あさみ,asami
勇,ゆう,yuu
菊生,きくお,kikuo
恵梨香,えりか,erika
博之,ひろゆき,hiroyuki
倫子,のりこ,noriko
さやか,さやか,sayaka
瞬,しゅん,shun
きみまろ,きみまろ,kimimaro
洋介,ようすけ,yousuke
愛,あい,ai
あや子,あやこ,ayako
光洋,みつひろ,mitsuhiro
美里,みり,miri
あき,あき,aki
ジョージ,じょーじ,george
美幸,みゆき,miyuki
了,りょう,ryou
六郎,ろくろう,rokurou
マサカズ,まさかず,masakazu
美幸,みゆき,miyuki
ケンイチ,けんいち,kenichi
人志,ひとし,hitoshi
景子,けいこ,keiko
愛,あい,ai
茂樹,しげき,shigeki
惇,あつし,atsushi
智花,ともか,tomoka
一代,かずよ,kazuyo
薫,かおる,kaoru
良介,りょうすけ,ryousuke
勤,つとむ,tsutomu
綾,あや,aya
さとみ,さとみ,satomi
涼,りょう,ryou
明,あきら,akira
だん吉,だんきち,dankichi
昴,すばる,subaru
景子,けいこ,keiko
勝久,かつひさ,katsuhisa
誠治,せいじ,seiji
康文,やすふみ,yasufumi
鉄二,てつじ,tetsuji
奈月,なつき,natsuki
はるか,はるか,haruka
みあ,みあ,mia
愛,あい,ai
勝久,かつひさ,katsuhisa
愛,あい,ai
春樹,はるき,haruki
蒼甫,そうすけ,sousuke
英嗣,ひでつぐ,hidetsugu
メイサ,めいさ,meisa
慶太,けいた,keita
景子,けいこ,keiko
翔太,しょうた,shouta
優一,ゆういち,yuuichi
右京,うきょう,ukyou
充則,みつのり,mitsunori
路子,みちこ,michiko
晋也,しんや,shinya
光博,みつひろ,mitsuhiro
夏希,なつき,natsuki
竜也,たつや,tatsuya
光博,みつひろ,mitsuhiro
早紀,さき,saki
裕次郎,ゆうじろう,yuujirou